Date,Name,Year,Letterboxd URI
2016-03-16,Mad Max: Fury Road,2015,https://boxd.it/2DjO
2016-03-16,The Grand Budapest Hotel,2014,https://boxd.it/3ZqO
2016-03-16,Star Wars: The Force Awakens,2015,https://boxd.it/4vru
2016-03-16,Birdman or (The Unexpected Virtue of Ignorance),2014,https://boxd.it/5RFA
2016-03-16,Interstellar,2014,https://boxd.it/4VZ8
2016-03-16,Django Unchained,2012,https://boxd.it/2cCk
2016-03-16,Her,2013,https://boxd.it/4O24
2016-03-16,Gone Girl,2014,https://boxd.it/6hQu
2016-03-16,Guardians of the Galaxy,2014,https://boxd.it/3VH2
2016-03-16,The Wolf of Wall Street,2013,https://boxd.it/3C1m
2016-03-16,Pulp Fiction,1994,https://boxd.it/29Pq
2016-03-16,Gravity,2013,https://boxd.it/GZY
2016-03-16,Inside Out,2015,https://boxd.it/4KHC
2016-03-16,The Dark Knight,2008,https://boxd.it/2b0k
2016-03-16,Nightcrawler,2014,https://boxd.it/780m
2016-03-16,Ex Machina,2014,https://boxd.it/7T2k
2016-03-16,Inception,2010,https://boxd.it/1skk
2016-03-16,Drive,2011,https://boxd.it/IG
2016-03-16,The Avengers,2012,https://boxd.it/1xFW
2016-03-16,The Martian,2015,https://boxd.it/8SeG
2016-03-16,Fight Club,1999,https://boxd.it/2a9q
2016-03-16,Star Wars,1977,https://boxd.it/72s
2016-03-16,The Dark Knight Rises,2012,https://boxd.it/H3m
2016-03-16,Inglourious Basterds,2009,https://boxd.it/1JzG
2016-03-16,The Hateful Eight,2015,https://boxd.it/8gw8
2016-03-16,The Shining,1980,https://boxd.it/29Nu
2016-03-16,Avengers: Age of Ultron,2015,https://boxd.it/3qi6
2016-03-16,Captain America: The Winter Soldier,2014,https://boxd.it/3r58
2016-03-16,The Empire Strikes Back,1980,https://boxd.it/27Vw
2016-03-16,The Lego Movie,2014,https://boxd.it/4pDO
2016-03-16,Skyfall,2012,https://boxd.it/17Fc
2016-03-16,Alien,1979,https://boxd.it/2awY
2016-03-16,Jurassic World,2015,https://boxd.it/4n0g
2016-03-16,The Godfather,1972,https://boxd.it/2aNK
2016-03-16,X-Men: Days of Future Past,2014,https://boxd.it/4aRw
2016-03-16,Silver Linings Playbook,2012,https://boxd.it/2TTo
2016-03-16,Kingsman: The Secret Service,2014,https://boxd.it/6dxe
2016-03-16,Inside Llewyn Davis,2013,https://boxd.it/34Ro
2016-03-16,Edge of Tomorrow,2014,https://boxd.it/4pD0
2016-03-16,Eternal Sunshine of the Spotless Mind,2004,https://boxd.it/6YK
2016-03-16,The Social Network,2010,https://boxd.it/17ue
2016-03-16,American Hustle,2013,https://boxd.it/5dz8
2016-03-16,Blade Runner,1982,https://boxd.it/2bcA
2016-03-16,Se7en,1995,https://boxd.it/29zs
2016-03-16,Taxi Driver,1976,https://boxd.it/2b8y
2016-03-16,Reservoir Dogs,1992,https://boxd.it/2agc
2016-03-16,Sicario,2015,https://boxd.it/8i7u
2016-03-16,Jurassic Park,1993,https://boxd.it/2aA2
2016-03-16,Kill Bill: Vol. 1,2003,https://boxd.it/70w
2016-03-16,The Lord of the Rings: The Fellowship of the Ring,2001,https://boxd.it/2b5O
2016-03-16,Back to the Future,1985,https://boxd.it/2b8e
2016-03-16,Pacific Rim,2013,https://boxd.it/2cB2
2016-03-16,Iron Man 3,2013,https://boxd.it/2cBQ
2016-03-16,The Hobbit: An Unexpected Journey,2012,https://boxd.it/GZk
2016-03-16,Looper,2012,https://boxd.it/ham
2016-03-16,The Matrix,1999,https://boxd.it/2a1m
2016-03-16,Argo,2012,https://boxd.it/2czU
2016-03-16,A Clockwork Orange,1971,https://boxd.it/2aVE
2016-03-16,Ant-Man,2015,https://boxd.it/3vmW
2016-03-16,The Silence of the Lambs,1991,https://boxd.it/2aHW
2016-03-16,Return of the Jedi,1983,https://boxd.it/27Vm
2016-03-16,The Cabin in the Woods,2011,https://boxd.it/1zOc
2016-03-16,Batman Begins,2005,https://boxd.it/2aIg
2016-03-16,The Master,2012,https://boxd.it/2cBG
2016-03-16,Memento,2000,https://boxd.it/2bcK
2016-03-16,Black Swan,2010,https://boxd.it/Sw0
2016-03-16,Man of Steel,2013,https://boxd.it/FRk
2016-03-16,The World's End,2013,https://boxd.it/3EiO
2016-03-16,The Lord of the Rings: The Return of the King,2003,https://boxd.it/2b5u
2016-03-16,WALL·E,2008,https://boxd.it/1VEo
2016-03-16,The Departed,2006,https://boxd.it/28MA
2016-03-16,The Hunger Games: Catching Fire,2013,https://boxd.it/3sAw
2016-03-16,Dallas Buyers Club,2013,https://boxd.it/4O8G
2016-03-16,Godzilla,2014,https://boxd.it/47OE
2016-03-16,The Hunger Games,2012,https://boxd.it/2uds
2016-03-16,Star Trek Into Darkness,2013,https://boxd.it/uYE
2016-03-16,Jaws,1975,https://boxd.it/2a5e
2016-03-16,Scott Pilgrim vs. the World,2010,https://boxd.it/1Aq6
2016-03-16,Spirited Away,2001,https://boxd.it/2b4m
2016-03-16,Deadpool,2016,https://boxd.it/9fOC
2016-03-16,Up,2009,https://boxd.it/1OEc
2016-03-16,Raiders of the Lost Ark,1981,https://boxd.it/2bbs
2016-03-16,The Lord of the Rings: The Two Towers,2002,https://boxd.it/2b5E
2016-03-16,Prometheus,2012,https://boxd.it/2s9e
2016-03-16,Dawn of the Planet of the Apes,2014,https://boxd.it/3XyQ
2016-03-16,The Hobbit: The Desolation of Smaug,2013,https://boxd.it/nmS
2016-03-16,This Is the End,2013,https://boxd.it/3GB4
2016-03-16,Zodiac,2007,https://boxd.it/27MO
2016-03-16,Forrest Gump,1994,https://boxd.it/728
2016-03-16,Spectre,2015,https://boxd.it/6bXY
2016-03-16,Shaun of the Dead,2004,https://boxd.it/29J8
2016-03-16,Toy Story 3,2010,https://boxd.it/1WRe
2016-03-16,Toy Story,1995,https://boxd.it/29qA
2016-03-16,Iron Man,2008,https://boxd.it/28dA
2016-03-16,Pan's Labyrinth,2006,https://boxd.it/28No
2016-03-16,Die Hard,1988,https://boxd.it/2a7u
2016-03-16,John Wick,2014,https://boxd.it/7dEc
2016-03-16,Kill Bill: Vol. 2,2004,https://boxd.it/2au4
2016-03-16,Oldboy,2003,https://boxd.it/29R2
2016-03-22,The Revenant,2015,https://boxd.it/8H5e
2016-03-26,10 Cloverfield Lane,2016,https://boxd.it/aZiu
2016-03-26,Batman v Superman: Dawn of Justice,2016,https://boxd.it/6fBW
2016-04-11,"OSS 117: Cairo, Nest of Spies",2006,https://boxd.it/1MIm
2016-04-11,OSS 117: Lost in Rio,2009,https://boxd.it/1LVu
2016-04-11,The Secret Life of Walter Mitty,2013,https://boxd.it/3SWy
2016-04-11,Thor: The Dark World,2013,https://boxd.it/2DqA
2016-04-11,Captain America: The First Avenger,2011,https://boxd.it/28b0
2016-04-11,Thor,2011,https://boxd.it/1WQU
2016-04-11,Iron Man 2,2010,https://boxd.it/1WZM
2016-04-11,The Incredible Hulk,2008,https://boxd.it/28dU
2016-04-29,Lemonade,2016,https://boxd.it/dMMM
2016-04-29,Captain America: Civil War,2016,https://boxd.it/89Ja
2016-06-07,Little Miss Sunshine,2006,https://boxd.it/29EW
2016-06-07,The Nice Guys,2016,https://boxd.it/94Hg
2016-06-07,X-Men: Apocalypse,2016,https://boxd.it/7eJi
2016-06-20,The Boondock Saints,1999,https://boxd.it/20gw
2016-06-20,Escape from New York,1981,https://boxd.it/294k
2016-06-20,First Blood,1982,https://boxd.it/28U0
2016-06-20,The A-Team,2010,https://boxd.it/1dHS
2016-06-20,Blade,1998,https://boxd.it/1a8A
2016-06-20,Men in Black,1997,https://boxd.it/2a0I
2016-06-20,Terminator 2: Judgment Day,1991,https://boxd.it/2aGY
2016-06-20,RoboCop,1987,https://boxd.it/22Wu
2016-06-20,The Evil Dead,1981,https://boxd.it/29Go
2016-06-20,Machete,2010,https://boxd.it/1yXW
2016-06-20,Conan the Barbarian,1982,https://boxd.it/1YOm
2016-06-20,Planet Terror,2007,https://boxd.it/27Gw
2016-06-20,Mad Max,1979,https://boxd.it/1Y7i
2016-06-20,Dr. No,1962,https://boxd.it/29UU
2016-06-20,The Expendables 3,2014,https://boxd.it/4rmK
2016-06-20,Creed,2015,https://boxd.it/a2qk
2016-06-20,The Expendables 2,2012,https://boxd.it/2CPE
2016-06-20,The Expendables,2010,https://boxd.it/1rtA
2016-06-20,Ghostbusters,1984,https://boxd.it/g2w
2016-06-20,Finding Nemo,2003,https://boxd.it/72i
2016-06-20,Toy Story 2,1999,https://boxd.it/29qq
2016-06-28,Warcraft,2016,https://boxd.it/2czK
2016-06-28,Café Society,2016,https://boxd.it/bhEy
2016-06-29,Resident Evil: Retribution,2012,https://boxd.it/2qmK
2016-06-29,Resident Evil,2002,https://boxd.it/28z2
2016-06-29,Resident Evil: Apocalypse,2004,https://boxd.it/28yS
2016-06-29,Resident Evil: Extinction,2007,https://boxd.it/20Oy
2016-06-29,Resident Evil: Afterlife,2010,https://boxd.it/1bVo
2016-07-03,Now You See Me,2013,https://boxd.it/2Bsu
2016-07-03,The Purge,2013,https://boxd.it/4Xg0
2016-07-03,The Purge: Anarchy,2014,https://boxd.it/71zk
2016-07-24,Elvis & Nixon,2016,https://boxd.it/9Alc
2016-07-24,The Bourne Identity,2002,https://boxd.it/26EO
2016-07-24,The Bourne Supremacy,2004,https://boxd.it/26EE
2016-07-24,Machete Kills,2013,https://boxd.it/3BQI
2016-07-24,Grindhouse,2007,https://boxd.it/8RwY
2016-07-24,Sin City: A Dame to Kill For,2014,https://boxd.it/2aV0
2016-07-24,Sin City,2005,https://boxd.it/2aVk
2016-07-31,Batman: The Killing Joke,2016,https://boxd.it/djxe
2016-08-12,Suicide Squad,2016,https://boxd.it/9row
2016-08-12,Jason Bourne,2016,https://boxd.it/ayYy
2016-08-31,Popstar: Never Stop Never Stopping,2016,https://boxd.it/blDa
2016-09-05,Kingsglaive: Final Fantasy XV,2016,https://boxd.it/dEjs
2016-09-12,Dope,2015,https://boxd.it/9Tho
2016-09-14,Central Intelligence,2016,https://boxd.it/9DFE
2016-09-21,Train to Busan,2016,https://boxd.it/dSQU
2016-09-27,Ghostbusters,2016,https://boxd.it/Vm8
2016-09-28,The Purge: Election Year,2016,https://boxd.it/ae5I
2016-09-28,The Raid,2011,https://boxd.it/3hBy
2016-10-01,Ali Wong: Baby Cobra,2016,https://boxd.it/dScq
2016-10-14,Vampires,1998,https://boxd.it/1XsY
2016-10-15,The Thing,1982,https://boxd.it/294O
2016-10-15,Halloween,1978,https://boxd.it/2wRu
2016-10-17,3 Ninjas,1992,https://boxd.it/1KmI
2016-10-17,Prince of Darkness,1987,https://boxd.it/1ZKq
2016-10-22,Captain Fantastic,2016,https://boxd.it/b2K2
2016-10-27,Halloween,2007,https://boxd.it/27u6
2016-11-02,Doctor Strange,2016,https://boxd.it/8MH8
2016-11-07,Akira,1988,https://boxd.it/2b1i
2016-11-15,Fifty Shades of Grey,2015,https://boxd.it/6qLo
2016-11-29,Legend of the Guardians: The Owls of Ga'Hoole,2010,https://boxd.it/ZUy
2016-11-29,Instructions Not Included,2013,https://boxd.it/6k3q
2016-11-29,Mr. Bean's Holiday,2007,https://boxd.it/28Yc
2016-11-30,The Sound of Music,1965,https://boxd.it/1MLK
2016-11-30,The Truman Show,1998,https://boxd.it/18U8
2016-11-30,The Blind Side,2009,https://boxd.it/1zWg
2016-12-02,Michael Che Matters,2016,https://boxd.it/f3MQ
2016-12-09,Arrival,2016,https://boxd.it/aNGk
2016-12-13,Free to Run,2016,https://boxd.it/dNPM
2016-12-15,The Croods,2013,https://boxd.it/FRE
2016-12-15,Rogue One: A Star Wars Story,2016,https://boxd.it/aPvy
2017-01-04,Midnight Special,2016,https://boxd.it/7dmi
2017-01-04,Now You See Me 2,2016,https://boxd.it/99fw
2017-01-04,"Hail, Caesar!",2016,https://boxd.it/881G
2017-01-09,Nocturnal Animals,2016,https://boxd.it/bkFu
2017-01-12,House of Flying Daggers,2004,https://boxd.it/1YoI
2017-01-12,Curse of the Golden Flower,2006,https://boxd.it/28GC
2017-01-12,"Crouching Tiger, Hidden Dragon",2000,https://boxd.it/2b1M
2017-01-20,Paterson,2016,https://boxd.it/cRk2
2017-01-26,La La Land,2016,https://boxd.it/a5fa
2017-02-02,Moonlight,2016,https://boxd.it/d6bE
2017-02-08,RoboCop,2014,https://boxd.it/3m4k
2017-02-09,Resident Evil: The Final Chapter,2016,https://boxd.it/5lqS
2017-02-12,Ip Man,2008,https://boxd.it/1NrQ
2017-02-14,The Lego Batman Movie,2017,https://boxd.it/azp0
2017-02-14,Cloverfield,2008,https://boxd.it/2192
2017-02-14,The Connection,2014,https://boxd.it/5XHi
2017-02-14,Trainwreck,2015,https://boxd.it/8bdA
2017-02-14,The Interview,2014,https://boxd.it/6KQ4
2017-02-14,The Descent,2005,https://boxd.it/1YNy
2017-02-14,Everest,2015,https://boxd.it/7r7Q
2017-02-14,Southpaw,2015,https://boxd.it/9Phu
2017-02-14,Predator,1987,https://boxd.it/2b84
2017-02-14,Predators,2010,https://boxd.it/1d9m
2017-02-14,Limitless,2011,https://boxd.it/Aly
2017-02-14,Only God Forgives,2013,https://boxd.it/2HBs
2017-02-14,The Green Hornet,2011,https://boxd.it/10TQ
2017-02-14,Maps to the Stars,2014,https://boxd.it/4WCu
2017-02-14,Son of Batman,2014,https://boxd.it/7mQm
2017-02-14,Lucy,2014,https://boxd.it/75hu
2017-02-14,Sinister,2012,https://boxd.it/2TnW
2017-02-14,Dredd,2012,https://boxd.it/GZE
2017-02-14,Inside Deep Throat,2005,https://boxd.it/2wrQ
2017-02-14,Mission: Impossible - Ghost Protocol,2011,https://boxd.it/psI
2017-02-14,Mission: Impossible,1996,https://boxd.it/29d2
2017-02-14,Mission: Impossible III,2006,https://boxd.it/29cI
2017-02-14,Mission: Impossible II,2000,https://boxd.it/29cS
2017-02-14,Appleseed,2004,https://boxd.it/1Tn6
2017-02-14,Space Pirate Captain Harlock,2013,https://boxd.it/5OlW
2017-02-14,Lethal Weapon 3,1992,https://boxd.it/29dG
2017-02-14,Star Wars: The Clone Wars,2008,https://boxd.it/1Sly
2017-02-14,Attack the Block,2011,https://boxd.it/hFO
2017-02-14,The Legend of Drunken Master,1994,https://boxd.it/1Si0
2017-02-14,From Dusk Till Dawn,1996,https://boxd.it/29HQ
2017-02-14,Pirates of the Caribbean: At World's End,2007,https://boxd.it/2aGu
2017-02-14,Pirates of Silicon Valley,1999,https://boxd.it/25vm
2017-02-14,(500) Days of Summer,2009,https://boxd.it/1EmM
2017-02-14,TRON: Legacy,2010,https://boxd.it/1Dlo
2017-02-14,50/50,2011,https://boxd.it/10Tw
2017-02-14,Tron,1982,https://boxd.it/2b9w
2017-02-14,Serenity,2005,https://boxd.it/1Km4
2017-02-14,Spread,2009,https://boxd.it/1EmC
2017-02-14,City of God,2002,https://boxd.it/2a2a
2017-02-14,Never Back Down,2008,https://boxd.it/207E
2017-02-14,The Girl Next Door,2004,https://boxd.it/1VSq
2017-02-14,In Time,2011,https://boxd.it/FPS
2017-02-14,Rush,2013,https://boxd.it/3lyS
2017-02-14,On the Road,2012,https://boxd.it/2WCK
2017-02-14,Troy,2004,https://boxd.it/29TW
2017-02-14,Furious 7,2015,https://boxd.it/5cVs
2017-02-14,Foxcatcher,2014,https://boxd.it/35Di
2017-02-14,The Hobbit: The Battle of the Five Armies,2014,https://boxd.it/43aU
2017-02-14,The Hunger Games: Mockingjay - Part 1,2014,https://boxd.it/4hka
2017-02-14,22 Jump Street,2014,https://boxd.it/5Fvy
2017-02-14,Hannibal,2001,https://boxd.it/1XVc
2017-02-14,The Matrix Reloaded,2003,https://boxd.it/2a1c
2017-02-14,The Matrix Revolutions,2003,https://boxd.it/2a12
2017-02-14,A Prophet,2009,https://boxd.it/1BGE
2017-02-14,Stargate SG-1: Children of the Gods,2009,https://boxd.it/twym
2017-02-14,28 Days Later,2002,https://boxd.it/2aXU
2017-02-14,The Da Vinci Code,2006,https://boxd.it/2a3i
2017-02-14,Fantastic Four: Rise of the Silver Surfer,2007,https://boxd.it/27Ii
2017-02-14,Planet of the Apes,2001,https://boxd.it/29ps
2017-02-14,Carrie,2013,https://boxd.it/4kC2
2017-02-14,The Island,2005,https://boxd.it/28qE
2017-02-14,The Rocky Horror Picture Show,1975,https://boxd.it/1a3q
2017-02-14,Cloud Atlas,2012,https://boxd.it/2W60
2017-02-14,Speed Racer,2008,https://boxd.it/20UQ
2017-02-14,The Simpsons Movie,2007,https://boxd.it/6YU
2017-02-14,Fast & Furious 6,2013,https://boxd.it/2UG6
2017-02-14,G.I. Joe: Retaliation,2013,https://boxd.it/2o6A
2017-02-14,Fast Five,2011,https://boxd.it/BgO
2017-02-14,Doom,2005,https://boxd.it/1ZOW
2017-02-14,Be Cool,2005,https://boxd.it/248w
2017-02-14,Get Shorty,1995,https://boxd.it/20Ga
2017-02-14,World Trade Center,2006,https://boxd.it/2810
2017-02-14,Despicable Me 2,2013,https://boxd.it/3gg0
2017-02-14,Demolition Man,1993,https://boxd.it/1XVm
2017-02-14,Zero Dark Thirty,2012,https://boxd.it/3n1w
2017-02-14,28 Weeks Later,2007,https://boxd.it/28Bi
2017-02-14,Constantine,2005,https://boxd.it/2a7E
2017-02-14,Pirates of the Caribbean: Dead Man's Chest,2006,https://boxd.it/2bfk
2017-02-14,Pirates of the Caribbean: The Curse of the Black Pearl,2003,https://boxd.it/70G
2017-02-14,Pirates of the Caribbean: On Stranger Tides,2011,https://boxd.it/27Z4
2017-02-14,Unleashed,2005,https://boxd.it/1Xgy
2017-02-14,The One,2001,https://boxd.it/1Vni
2017-02-14,Lethal Weapon 4,1998,https://boxd.it/29dw
2017-02-14,Cradle 2 the Grave,2003,https://boxd.it/1VNA
2017-02-14,The Forbidden Kingdom,2008,https://boxd.it/28dg
2017-02-14,Taken 3,2014,https://boxd.it/7Iqq
2017-02-14,Hitman: Agent 47,2015,https://boxd.it/7iA0
2017-02-14,The Amazing Spider-Man 2,2014,https://boxd.it/3utM
2017-02-14,Easy A,2010,https://boxd.it/17DK
2017-02-14,Pandorum,2009,https://boxd.it/1Eo4
2017-02-14,"Crazy, Stupid, Love.",2011,https://boxd.it/D9A
2017-02-14,The 40 Year Old Virgin,2005,https://boxd.it/21hK
2017-02-14,Despicable Me,2010,https://boxd.it/1DD8
2017-02-14,Anchorman 2: The Legend Continues,2013,https://boxd.it/3GNk
2017-02-14,Anchorman: The Legend of Ron Burgundy,2004,https://boxd.it/1ZVo
2017-02-14,Bruce Almighty,2003,https://boxd.it/2aCC
2017-02-14,Death Proof,2007,https://boxd.it/27GG
2017-02-14,Rumble in the Bronx,1995,https://boxd.it/1fi6
2017-02-14,Rush Hour,1998,https://boxd.it/27pU
2017-02-14,Lethal Weapon 2,1989,https://boxd.it/29dQ
2017-02-14,Shanghai Noon,2000,https://boxd.it/202a
2017-02-14,The Karate Kid,2010,https://boxd.it/15HA
2017-02-14,Starsky & Hutch,2004,https://boxd.it/1YOQ
2017-02-14,Mission: Impossible - Rogue Nation,2015,https://boxd.it/5rI4
2017-02-14,The Chronicles of Riddick,2004,https://boxd.it/26iy
2017-02-14,Interview with the Vampire,1994,https://boxd.it/29XO
2017-02-14,The Aviator,2004,https://boxd.it/26BU
2017-02-14,Knocked Up,2007,https://boxd.it/23yS
2017-02-14,Fantastic Four,2005,https://boxd.it/1XVw
2017-02-14,The Hangover,2009,https://boxd.it/1GjK
2017-02-14,The Wrestler,2008,https://boxd.it/1So8
2017-02-14,Requiem for a Dream,2000,https://boxd.it/29VI
2017-02-14,The Fountain,2006,https://boxd.it/28RU
2017-02-14,The Artist,2011,https://boxd.it/2AwK
2017-02-14,La Classe américaine,1993,https://boxd.it/1KL4
2017-02-14,Justice League: War,2014,https://boxd.it/6tFo
2017-02-14,"I, Robot",2004,https://boxd.it/27y8
2017-02-14,Lord of War,2005,https://boxd.it/284y
2017-02-14,Transformers: Dark of the Moon,2011,https://boxd.it/16aC
2017-02-14,The Giver,2014,https://boxd.it/6HWo
2017-02-14,Minions,2015,https://boxd.it/6jCO
2017-02-14,Superman/Batman: Apocalypse,2010,https://boxd.it/QcC
2017-02-14,Salt,2010,https://boxd.it/1rtK
2017-02-14,Eastern Promises,2007,https://boxd.it/275q
2017-02-14,A History of Violence,2005,https://boxd.it/2bfa
2017-02-14,Indiana Jones and the Last Crusade,1989,https://boxd.it/2baO
2017-02-14,Maleficent,2014,https://boxd.it/3v1u
2017-02-14,Star Wars: Episode III - Revenge of the Sith,2005,https://boxd.it/27US
2017-02-14,Jumper,2008,https://boxd.it/20ss
2017-02-14,Star Wars: Episode II - Attack of the Clones,2002,https://boxd.it/27V2
2017-02-14,Star Wars: Episode I - The Phantom Menace,1999,https://boxd.it/27Vc
2017-02-14,V for Vendetta,2005,https://boxd.it/29Ik
2017-02-14,Léon: The Professional,1994,https://boxd.it/2b8S
2017-02-14,Hesher,2010,https://boxd.it/QYG
2017-02-14,Mars Attacks!,1996,https://boxd.it/2bd4
2017-02-14,Heat,1995,https://boxd.it/2bg8
2017-02-14,Hannibal Rising,2007,https://boxd.it/2916
2017-02-14,Seven Swords,2005,https://boxd.it/1VBk
2017-02-14,X-Men,2000,https://boxd.it/1a7s
2017-02-14,X2,2003,https://boxd.it/1a7i
2017-02-14,X-Men: The Last Stand,2006,https://boxd.it/1a5Q
2017-02-14,You Don't Mess with the Zohan,2008,https://boxd.it/1VHs
2017-02-14,Green Lantern,2011,https://boxd.it/QN4
2017-02-14,Mad Max 2,1981,https://boxd.it/1ZPg
2017-02-14,Batman Returns,1992,https://boxd.it/2awa
2017-02-14,Batman & Robin,1997,https://boxd.it/2ar0
2017-02-14,Batman,1989,https://boxd.it/2aIU
2017-02-14,Gangster Squad,2013,https://boxd.it/2TVa
2017-02-14,Teenage Mutant Ninja Turtles,2014,https://boxd.it/3oAs
2017-02-14,Friday the 13th,2009,https://boxd.it/1QAw
2017-02-14,Hellboy,2004,https://boxd.it/28HK
2017-02-14,Marvel One-Shot: Agent Carter,2013,https://boxd.it/6jeC
2017-02-14,Savages,2012,https://boxd.it/2Tl2
2017-02-14,Final Fantasy VII: Advent Children,2005,https://boxd.it/29UK
2017-02-14,American Reunion,2012,https://boxd.it/2qH4
2017-02-14,American Pie 2,2001,https://boxd.it/26kO
2017-02-14,American Pie,1999,https://boxd.it/27qy
2017-02-14,American Psycho,2000,https://boxd.it/28Vs
2017-02-14,American Beauty,1999,https://boxd.it/71Y
2017-02-14,Gone in Sixty Seconds,2000,https://boxd.it/1Y4y
2017-02-14,Gone Baby Gone,2007,https://boxd.it/23R6
2017-02-14,I Love You Phillip Morris,2009,https://boxd.it/1ZvK
2017-02-14,Angels & Demons,2009,https://boxd.it/1Q9K
2017-02-14,The Men Who Stare at Goats,2009,https://boxd.it/1Wza
2017-02-14,Big Fish,2003,https://boxd.it/2a3M
2017-02-14,Hellboy II: The Golden Army,2008,https://boxd.it/1Ug6
2017-02-14,All Star Superman,2011,https://boxd.it/oJo
2017-02-14,Justice League: Throne of Atlantis,2015,https://boxd.it/9qWs
2017-02-14,Justice League: Doom,2012,https://boxd.it/2DVe
2017-02-14,Batman: Year One,2011,https://boxd.it/2vf0
2017-02-14,True Lies,1994,https://boxd.it/19pq
2017-02-14,Much Ado About Nothing,2012,https://boxd.it/3dBa
2017-02-14,Transformers,2007,https://boxd.it/280c
2017-02-14,Superman: Doomsday,2007,https://boxd.it/1PJW
2017-02-14,P.S. I Love You,2007,https://boxd.it/229C
2017-02-14,Robot Chicken: Star Wars Episode II,2008,https://boxd.it/VAY
2017-02-14,Sex Drive,2008,https://boxd.it/1PZg
2017-02-14,Robot Chicken: Star Wars Episode III,2010,https://boxd.it/AjC
2017-02-14,Robot Chicken: DC Comics Special,2012,https://boxd.it/4Cys
2017-02-14,Superbad,2007,https://boxd.it/20hO
2017-02-14,21 Jump Street,2012,https://boxd.it/J0
2017-02-14,Spider-Man 3,2007,https://boxd.it/2a7Y
2017-02-14,Batman Forever,1995,https://boxd.it/2ara
2017-02-14,X-Men: First Class,2011,https://boxd.it/FOA
2017-02-14,Star Trek,2009,https://boxd.it/1Q6c
2017-02-14,Fear City: A Family-Style Comedy,1994,https://boxd.it/1MOO
2017-02-14,Casino Royale,2006,https://boxd.it/1alk
2017-02-14,American Wedding,2003,https://boxd.it/20r0
2017-02-14,Indiana Jones and the Temple of Doom,1984,https://boxd.it/2bb8
2017-02-14,X-Men Origins: Wolverine,2009,https://boxd.it/27ug
2017-02-14,King Kong,2005,https://boxd.it/2aLa
2017-02-14,The Bourne Legacy,2012,https://boxd.it/H16
2017-02-14,Silent Hill: Revelation 3D,2012,https://boxd.it/eH8
2017-02-14,Pitch Black,2000,https://boxd.it/26iS
2017-02-14,Silent Hill,2006,https://boxd.it/2a3C
2017-02-14,The Goonies,1985,https://boxd.it/1YVC
2017-02-14,The Amazing Spider-Man,2012,https://boxd.it/27PI
2017-02-14,Miami Vice,2006,https://boxd.it/2bbW
2017-02-14,Batman: Assault on Arkham,2014,https://boxd.it/787M
2017-02-14,Batman vs. Robin,2015,https://boxd.it/aqNs
2017-02-14,Justice League: Gods and Monsters,2015,https://boxd.it/auu0
2017-02-14,Justice League: The Flashpoint Paradox,2013,https://boxd.it/5yWW
2017-02-14,Straight Outta Compton,2015,https://boxd.it/8rMc
2017-02-14,The Patriot,2000,https://boxd.it/27Bw
2017-02-14,Ghost Rider,2007,https://boxd.it/290M
2017-02-14,The Internship,2013,https://boxd.it/3SWS
2017-02-14,Alien³,1992,https://boxd.it/20zS
2017-02-14,Alien Resurrection,1997,https://boxd.it/20zI
2017-02-14,Bridesmaids,2011,https://boxd.it/rac
2017-02-14,The Town,2010,https://boxd.it/1zyS
2017-02-14,The Fifth Element,1997,https://boxd.it/71k
2017-02-14,Armageddon,1998,https://boxd.it/2b9Q
2017-02-14,The Girl with the Dragon Tattoo,2009,https://boxd.it/1Mb8
2017-02-14,The Girl Who Played with Fire,2009,https://boxd.it/1y0K
2017-02-14,The Girl Who Kicked the Hornet's Nest,2009,https://boxd.it/1f9S
2017-02-14,Afro Samurai: Resurrection,2009,https://boxd.it/1Nxa
2017-02-14,Futurama: Bender's Big Score,2007,https://boxd.it/215Y
2017-02-14,Spider-Man,2002,https://boxd.it/2a8i
2017-02-14,Batman: Mask of the Phantasm,1993,https://boxd.it/1N6S
2017-02-14,The World Is Not Enough,1999,https://boxd.it/1a94
2017-02-14,Magic Mike XXL,2015,https://boxd.it/7TTS
2017-02-14,The Devil Wears Prada,2006,https://boxd.it/2awE
2017-02-14,Les Misérables,2012,https://boxd.it/2TT4
2017-02-14,Die Hard: With a Vengeance,1995,https://boxd.it/28zG
2017-02-14,A Good Day to Die Hard,2013,https://boxd.it/JrK
2017-02-14,Moonrise Kingdom,2012,https://boxd.it/2Wng
2017-02-14,RED,2010,https://boxd.it/13uu
2017-02-14,Live Free or Die Hard,2007,https://boxd.it/28zQ
2017-02-14,Ocean's Twelve,2004,https://boxd.it/2aZ2
2017-02-14,Charlie's Angels: Full Throttle,2003,https://boxd.it/1YB8
2017-02-14,Magic Mike,2012,https://boxd.it/2HvY
2017-02-14,Don Jon,2013,https://boxd.it/4sdk
2017-02-14,36th Precinct,2004,https://boxd.it/212A
2017-02-14,The Monuments Men,2014,https://boxd.it/4OxQ
2017-02-14,Teenage Mutant Ninja Turtles: Out of the Shadows,2016,https://boxd.it/9T2e
2017-02-14,Syriana,2005,https://boxd.it/2aOS
2017-02-14,Keanu,2016,https://boxd.it/brha
2017-02-14,Hitman,2007,https://boxd.it/28sU
2017-02-14,Kiss Kiss Bang Bang,2005,https://boxd.it/23c8
2017-02-14,Lethal Weapon,1987,https://boxd.it/29e0
2017-02-14,Tomorrow Never Dies,1997,https://boxd.it/29Kg
2017-02-14,G.I. Joe: The Rise of Cobra,2009,https://boxd.it/1Ndu
2017-02-14,The Brothers Grimm,2005,https://boxd.it/24kW
2017-02-14,"Batman: The Dark Knight Returns, Part 2",2013,https://boxd.it/4xzg
2017-02-14,Batman: Under the Red Hood,2010,https://boxd.it/11eE
2017-02-14,"Batman: The Dark Knight Returns, Part 1",2012,https://boxd.it/43Is
2017-02-14,Back to the Future Part II,1989,https://boxd.it/2aYI
2017-03-05,Ip Man 2,2010,https://boxd.it/18gs
2017-03-09,Logan,2017,https://boxd.it/7Piy
2017-03-16,Ip Man 3,2015,https://boxd.it/cDqA
2017-04-18,The Fate of the Furious,2017,https://boxd.it/bbCw
2017-04-22,Barry,2016,https://boxd.it/dVHm
2017-04-29,The Discovery,2017,https://boxd.it/d4gC
2017-05-02,127 Hours,2010,https://boxd.it/SLa
2017-05-12,Mr. Nobody,2009,https://boxd.it/1k44
2017-05-12,Guardians of the Galaxy Vol. 2,2017,https://boxd.it/8MxC
2017-05-12,Alien: Covenant,2017,https://boxd.it/49UY
2017-06-18,Wonder Woman,2017,https://boxd.it/9roG
2017-06-18,Tehran Taboo,2017,https://boxd.it/gaPY
2017-06-19,Blade of the Immortal,2017,https://boxd.it/f5Pi
2017-06-27,Shin Godzilla,2016,https://boxd.it/a9lm
2017-06-28,Kong: Skull Island,2017,https://boxd.it/9ewM
2017-06-28,Snowpiercer,2013,https://boxd.it/3Icg
2017-07-02,Resident Evil: Vendetta,2017,https://boxd.it/e1K2
2017-07-02,Rise of the Planet of the Apes,2011,https://boxd.it/cS4
2017-07-06,Men in Black II,2002,https://boxd.it/2a0y
2017-07-08,Okja,2017,https://boxd.it/dvXe
2017-07-15,Baby Driver,2017,https://boxd.it/bhF2
2017-07-15,Spider-Man: Homecoming,2017,https://boxd.it/aboM
2017-07-26,Sausage Party,2016,https://boxd.it/6CCe
2017-07-26,Dunkirk,2017,https://boxd.it/d0Y6
2017-07-29,Jupiter Ascending,2015,https://boxd.it/2Evm
2017-08-04,Get Out,2017,https://boxd.it/eOCm
2017-08-06,Nerve,2016,https://boxd.it/aJIc
2017-08-15,The Texas Chain Saw Massacre,1974,https://boxd.it/1lcS
2017-08-15,A Nightmare on Elm Street,1984,https://boxd.it/2aw0
2017-08-15,The Exorcist,1973,https://boxd.it/1Yoo
2017-08-15,Scream,1996,https://boxd.it/24EC
2017-08-15,Evil Dead II,1987,https://boxd.it/29Ge
2017-08-15,A Nightmare on Elm Street 3: Dream Warriors,1987,https://boxd.it/1X9W
2017-08-15,Friday the 13th: The Final Chapter,1984,https://boxd.it/1XWO
2017-08-15,The Blair Witch Project,1999,https://boxd.it/26ua
2017-08-15,[REC],2007,https://boxd.it/20ma
2017-08-15,New Nightmare,1994,https://boxd.it/1TsU
2017-08-15,Zombie Flesh Eaters,1979,https://boxd.it/217q
2017-08-15,The Ring,2002,https://boxd.it/2a70
2017-08-15,Gremlins,1984,https://boxd.it/29gg
2017-08-15,Martyrs,2008,https://boxd.it/1Yqu
2017-08-15,Dawn of the Dead,2004,https://boxd.it/29gK
2017-08-15,Army of Darkness,1992,https://boxd.it/29G4
2017-08-15,Paranormal Activity,2007,https://boxd.it/1yIM
2017-08-15,Friday the 13th Part VI: Jason Lives,1986,https://boxd.it/1WM4
2017-08-15,Gremlins 2: The New Batch,1990,https://boxd.it/29g6
2017-08-15,Child's Play,1988,https://boxd.it/1VTo
2017-08-15,The Hills Have Eyes,2006,https://boxd.it/1XNC
2017-08-15,Signs,2002,https://boxd.it/26t2
2017-08-15,Fear and Loathing in Las Vegas,1998,https://boxd.it/27Xs
2017-08-15,Spring Breakers,2012,https://boxd.it/421s
2017-08-15,Waltz with Bashir,2008,https://boxd.it/1ZFA
2017-08-15,"The Good, the Bad and the Ugly",1966,https://boxd.it/2ape
2017-08-15,Avatar,2009,https://boxd.it/1Efm
2017-08-15,The Motorcycle Diaries,2004,https://boxd.it/28nU
2017-08-15,Tinker Tailor Soldier Spy,2011,https://boxd.it/FRY
2017-08-15,Shame,2011,https://boxd.it/2CxU
2017-08-15,The Godfather: Part II,1974,https://boxd.it/2aNq
2017-08-15,Being John Malkovich,1999,https://boxd.it/2ahu
2017-08-15,The Lord of the Rings,2003,https://boxd.it/2b5Y
2017-08-15,Beasts of the Southern Wild,2012,https://boxd.it/2XPK
2017-08-15,Amélie,2001,https://boxd.it/2aUc
2017-08-15,Midnight in Paris,2011,https://boxd.it/i4a
2017-08-17,The Incredible Jessica James,2017,https://boxd.it/flKo
2017-08-20,Independence Day,1996,https://boxd.it/2a1w
2017-08-20,War of the Worlds,2005,https://boxd.it/2bde
2017-08-20,The Conjuring,2013,https://boxd.it/4sr2
2017-08-20,Annabelle: Creation,2017,https://boxd.it/dSxe
2017-08-23,Children of Men,2006,https://boxd.it/1Y2i
2017-08-24,Bad Rap,2016,https://boxd.it/dD6W
2017-08-29,Divines,2016,https://boxd.it/dLDY
2017-08-30,The Conjuring 2,2016,https://boxd.it/7GJg
2017-08-31,It,1990,https://boxd.it/26tG
2017-09-02,Death Note,2017,https://boxd.it/bOS4
2017-09-02,2001: A Space Odyssey,1968,https://boxd.it/2bf0
2017-09-03,There Will Be Blood,2007,https://boxd.it/20Z2
2017-09-09,Batman and Harley Quinn,2017,https://boxd.it/eo2C
2017-09-10,The Big Sick,2017,https://boxd.it/eHvy
2017-09-10,Logan Lucky,2017,https://boxd.it/dZrs
2017-09-14,It,2017,https://boxd.it/bC8e
2017-09-19,Ghost in the Shell,2017,https://boxd.it/abTA
2017-10-04,Zootopia,2016,https://boxd.it/84xS
2017-10-15,The Big Short,2015,https://boxd.it/ajZw
2017-10-24,XX,2017,https://boxd.it/9pU6
2017-10-27,My Life as a Zucchini,2016,https://boxd.it/dL2y
2017-10-30,Gerald's Game,2017,https://boxd.it/buKa
2017-11-09,Waiting...,2005,https://boxd.it/20Pw
2017-11-12,Thor: Ragnarok,2017,https://boxd.it/8MHi
2017-11-12,Bad Moms,2016,https://boxd.it/d5nk
2017-11-13,Cult of Chucky,2017,https://boxd.it/dKOm
2017-11-13,Child's Play 2,1990,https://boxd.it/1Uqq
2017-11-13,Child's Play 3,1991,https://boxd.it/1Uqg
2017-12-16,Star Wars: The Last Jedi,2017,https://boxd.it/5xme
2017-12-16,The Magnificent Seven,1960,https://boxd.it/29bA
2018-01-10,Bright,2017,https://boxd.it/e1H8
2018-01-16,Spotlight,2015,https://boxd.it/a84k
2018-01-16,Black Mirror: White Christmas,2014,https://boxd.it/B3qu
2018-01-16,Black Mirror: Fifteen Million Merits,2011,https://boxd.it/hQYU
2018-01-16,Black Mirror: Be Right Back,2013,https://boxd.it/hRpw
2018-01-16,Black Mirror: The Entire History of You,2011,https://boxd.it/hQZ4
2018-01-16,Black Mirror: Men Against Fire,2016,https://boxd.it/hSBS
2018-01-16,Black Mirror: Nosedive,2016,https://boxd.it/hK9G
2018-01-16,Black Mirror: The Waldo Moment,2013,https://boxd.it/hRpQ
2018-01-16,Black Mirror: White Bear,2013,https://boxd.it/hRpG
2018-01-16,Black Mirror: Shut Up and Dance,2016,https://boxd.it/hRRq
2018-01-16,Black Mirror: Playtest,2016,https://boxd.it/hRR6
2018-01-16,Gangs of New York,2002,https://boxd.it/25FG
2018-01-19,Atomic Blonde,2017,https://boxd.it/blDk
2018-01-22,The Little Prince,2015,https://boxd.it/9WbS
2018-01-24,Tour de Pharmacy,2017,https://boxd.it/gnxS
2018-01-24,7 Days in Hell,2015,https://boxd.it/8VZ6
2018-01-25,2048: Nowhere to Run,2017,https://boxd.it/h4uC
2018-01-25,2036: Nexus Dawn,2017,https://boxd.it/gXZo
2018-01-25,Blade Runner: Black Out 2022,2017,https://boxd.it/h5sM
2018-01-25,Blade Runner 2049,2017,https://boxd.it/b8wK
2018-01-27,GoldenEye,1995,https://boxd.it/29KU
2018-01-27,Die Another Day,2002,https://boxd.it/1a5G
2018-01-27,The Foreigner,2017,https://boxd.it/dbRg
2018-01-31,Black Mirror: Crocodile,2017,https://boxd.it/hRoS
2018-01-31,Black Mirror: USS Callister,2017,https://boxd.it/hQXi
2018-01-31,Black Mirror: Arkangel,2017,https://boxd.it/hQXW
2018-02-01,Black Mirror: Hang the DJ,2017,https://boxd.it/hQYA
2018-02-01,Black Mirror: Metalhead,2017,https://boxd.it/hRqk
2018-02-03,Black Mirror: Black Museum,2017,https://boxd.it/hRqu
2018-02-05,The Post,2017,https://boxd.it/fTeG
2018-02-07,The Cloverfield Paradox,2018,https://boxd.it/doVA
2018-02-09,Dragon Ball Z: Battle of Gods,2013,https://boxd.it/4a0C
2018-02-13,In Bruges,2008,https://boxd.it/20n8
2018-02-17,Black Panther,2018,https://boxd.it/8MHs
2018-02-23,Batman & Bill,2017,https://boxd.it/gi2U
2018-03-06,"I, Tonya",2017,https://boxd.it/dzR0
2018-03-08,Phantom Thread,2017,https://boxd.it/e4uc
2018-03-10,Mute,2018,https://boxd.it/e6nW
2018-03-12,The Shape of Water,2017,https://boxd.it/dZ5m
2018-03-27,Annihilation,2018,https://boxd.it/9yzm
2018-03-30,WarGames,1983,https://boxd.it/29qU
2018-03-31,Ready Player One,2018,https://boxd.it/aZes
2018-04-07,Jumanji: Welcome to the Jungle,2017,https://boxd.it/bUeE
2018-04-08,Isle of Dogs,2018,https://boxd.it/dZrW
2018-04-23,A Quiet Place,2018,https://boxd.it/fVJQ
2018-04-27,Avengers: Infinity War,2018,https://boxd.it/9vEe
2018-04-29,Planet of the Apes,1968,https://boxd.it/29p8
2018-04-30,Escape from L.A.,1996,https://boxd.it/1XbI
2018-05-01,Ingrid Goes West,2017,https://boxd.it/evUQ
2018-05-03,Big Trouble in Little China,1986,https://boxd.it/21em
2018-05-12,Revenge,2017,https://boxd.it/gL9g
2018-05-16,Ali Wong: Hard Knock Wife,2018,https://boxd.it/iMFG
2018-05-17,Deadpool 2,2018,https://boxd.it/dlLM
2018-05-22,Jack Reacher: Never Go Back,2016,https://boxd.it/buAY
2018-05-25,Solo: A Star Wars Story,2018,https://boxd.it/bGWs
2018-06-13,Twelve Monkeys,1995,https://boxd.it/2beQ
2018-06-16,Hereditary,2018,https://boxd.it/hNVe
2018-06-17,The Big Chill,1983,https://boxd.it/1RHI
2018-06-17,The Fly,1986,https://boxd.it/1YIe
2018-06-17,The Adventures of Buckaroo Banzai Across the 8th Dimension,1984,https://boxd.it/1TZk
2018-06-18,The Lost World: Jurassic Park,1997,https://boxd.it/2azS
2018-06-18,Team Darryl,2018,https://boxd.it/ihNu
2018-06-18,Star Trek Beyond,2016,https://boxd.it/5Ik4
2018-06-18,From Russia with Love,1963,https://boxd.it/29T8
2018-06-18,Goldfinger,1964,https://boxd.it/29SY
2018-06-18,Thunderball,1965,https://boxd.it/29SE
2018-06-18,You Only Live Twice,1967,https://boxd.it/29Rw
2018-06-18,On Her Majesty's Secret Service,1969,https://boxd.it/29Rm
2018-06-18,Diamonds Are Forever,1971,https://boxd.it/29Pg
2018-06-18,Live and Let Die,1973,https://boxd.it/2aLk
2018-06-18,The Man with the Golden Gun,1974,https://boxd.it/29P6
2018-06-18,The Spy Who Loved Me,1977,https://boxd.it/29NY
2018-06-18,Moonraker,1979,https://boxd.it/29MQ
2018-06-18,For Your Eyes Only,1981,https://boxd.it/29MG
2018-06-18,Octopussy,1983,https://boxd.it/29Mw
2018-06-18,Never Say Never Again,1983,https://boxd.it/1a5w
2018-06-18,A View to a Kill,1985,https://boxd.it/29Lo
2018-06-18,The Living Daylights,1987,https://boxd.it/29Le
2018-06-18,Licence to Kill,1989,https://boxd.it/29L4
2018-06-18,Quantum of Solace,2008,https://boxd.it/1Vs8
2018-06-23,Death Wish,2018,https://boxd.it/dRqm
2018-07-03,You Were Never Really Here,2017,https://boxd.it/dWOS
2018-07-12,Rocky,1976,https://boxd.it/28Uk
2018-07-12,Rocky II,1979,https://boxd.it/28Ua
2018-07-12,Rocky IV,1985,https://boxd.it/28T2
2018-07-13,John Wick: Chapter 2,2017,https://boxd.it/ayGu
2018-07-24,Underworld,2003,https://boxd.it/2aHs
2018-07-26,Mission: Impossible - Fallout,2018,https://boxd.it/bSVc
2018-07-28,Drunken Master,1978,https://boxd.it/1Ujk
2018-07-28,What We Do in the Shadows,2014,https://boxd.it/7eQy
2018-07-28,Interstella 5555: The 5tory of the 5ecret 5tar 5ystem,2003,https://boxd.it/1ULy
2018-07-28,Boyhood,2014,https://boxd.it/3178
2018-07-28,Evan Almighty,2007,https://boxd.it/26s4
2018-07-28,Rush Hour 2,2001,https://boxd.it/23ga
2018-07-28,Shanghai Knights,2003,https://boxd.it/228a
2018-07-28,The Pursuit of Happyness,2006,https://boxd.it/28PE
2018-07-28,Justice League,2017,https://boxd.it/4w68
2018-07-28,Robot Chicken: Star Wars,2007,https://boxd.it/VBs
2018-07-28,Conan,1997,https://boxd.it/3XD2
2018-07-28,Hellboy,2019,https://boxd.it/gjaA
2018-07-28,Justice League: Crisis on Two Earths,2010,https://boxd.it/1m2Y
2018-07-28,Justice League: The New Frontier,2008,https://boxd.it/1OVM
2018-07-28,Superman/Batman: Public Enemies,2009,https://boxd.it/1zXS
2018-07-28,Secret Origin: The Story of DC Comics,2010,https://boxd.it/Ex4
2018-07-28,The Star Wars Holiday Special,1978,https://boxd.it/2yMw
2018-07-28,Inherent Vice,2014,https://boxd.it/5hla
2018-07-28,Dawn of the Dead,1978,https://boxd.it/29gU
2018-07-28,Lucky Number Slevin,2006,https://boxd.it/2aVu
2018-07-28,Unbreakable,2000,https://boxd.it/1XV2
2018-07-28,The Last Deadly Mission,2008,https://boxd.it/1NqI
2018-07-28,A Scanner Darkly,2006,https://boxd.it/25jK
2018-07-28,Slumdog Millionaire,2008,https://boxd.it/1S3E
2018-07-28,Alien: Covenant - Prologue: Last Supper,2017,https://boxd.it/giHS
2018-07-28,War for the Planet of the Apes,2017,https://boxd.it/8FE2
2018-07-28,A Nightmare on Elm Street,2010,https://boxd.it/1zdg
2018-07-28,Watchmen,2009,https://boxd.it/1QE4
2018-07-28,Shutter Island,2010,https://boxd.it/1U82
2018-07-28,Friends with Benefits,2011,https://boxd.it/DoK
2018-07-28,The Theory of Everything,2014,https://boxd.it/7YtA
2018-08-03,Ant-Man and the Wasp,2018,https://boxd.it/cqUW
2018-08-09,Gook,2017,https://boxd.it/fm6O
2018-08-21,BlacKkKlansman,2018,https://boxd.it/hxL8
2018-08-26,Ocean's Eight,2018,https://boxd.it/eaai
2018-09-06,Jurassic World: Fallen Kingdom,2018,https://boxd.it/bOnU
2018-09-07,Annabelle,2014,https://boxd.it/7l84
2018-09-16,Predator 2,1990,https://boxd.it/2aY4
2018-10-04,They Live,1988,https://boxd.it/20lm
2018-10-05,Uncle Drew,2018,https://boxd.it/h0ZQ
2018-10-06,Aliens,1986,https://boxd.it/29PA
2018-10-06,Night of the Living Dead,1968,https://boxd.it/1WwA
2018-10-08,Mandy,2018,https://boxd.it/gtti
2018-10-09,Halloween II,1981,https://boxd.it/1UeE
2018-10-09,A Nightmare on Elm Street Part 2: Freddy's Revenge,1985,https://boxd.it/1XiE
2018-10-09,A Nightmare on Elm Street 4: The Dream Master,1988,https://boxd.it/1X0U
2018-10-09,A Nightmare on Elm Street: The Dream Child,1989,https://boxd.it/1WWe
2018-10-09,Freddy's Dead: The Final Nightmare,1991,https://boxd.it/1Uea
2018-10-09,Friday the 13th,1980,https://boxd.it/24fs
2018-10-09,Hocus Pocus,1993,https://boxd.it/1Wgi
2018-10-09,E.T. the Extra-Terrestrial,1982,https://boxd.it/2a1G
2018-10-16,Hellraiser,1987,https://boxd.it/1Zpi
2018-10-17,Halloween III: Season of the Witch,1982,https://boxd.it/1VFc
2018-10-18,Halloween 4: The Return of Michael Myers,1988,https://boxd.it/1U2S
2018-10-18,Halloween 5: The Revenge of Michael Myers,1989,https://boxd.it/1U2e
2018-10-20,Halloween: The Curse of Michael Myers,1995,https://boxd.it/1UVe
2018-10-20,Halloween H20: 20 Years Later,1998,https://boxd.it/1TgE
2018-10-20,Halloween: Resurrection,2002,https://boxd.it/1TQs
2018-10-22,Halloween II,2009,https://boxd.it/1yda
2018-10-30,Halloween,2018,https://boxd.it/f0uE
2018-11-01,Rocky III,1982,https://boxd.it/28Tw
2018-11-06,Rocky V,1990,https://boxd.it/28SS
2018-11-27,Sicario: Day of the Soldado,2018,https://boxd.it/e4fG
2018-11-27,The First Purge,2018,https://boxd.it/fJfk
2018-11-28,The Nun,2018,https://boxd.it/fBkw
2018-11-29,The Greatest Showman,2017,https://boxd.it/acjI
2018-12-01,Rocky Balboa,2006,https://boxd.it/291q
2018-12-08,Bodied,2017,https://boxd.it/fiAA
2018-12-09,Venom,2018,https://boxd.it/b8wA
2018-12-09,Batman Ninja,2018,https://boxd.it/hwle
2018-12-10,The Predator,2018,https://boxd.it/bDw2
2018-12-10,Sorry to Bother You,2018,https://boxd.it/f21E
2018-12-12,Searching,2018,https://boxd.it/hDPg
2018-12-18,Aquaman,2018,https://boxd.it/9ru0
2019-01-11,Springsteen On Broadway,2018,https://boxd.it/kEVq
2019-01-18,Spider-Man: Into the Spider-Verse,2018,https://boxd.it/azpY
2019-01-23,Fyre,2019,https://boxd.it/kP0g
2019-01-24,Bird Box,2018,https://boxd.it/eh1i
2019-01-30,Bohemian Rhapsody,2018,https://boxd.it/f1TK
2019-02-08,The Pink Panther,1963,https://boxd.it/29eO
2019-02-12,High Flying Bird,2019,https://boxd.it/itka
2019-03-02,mid90s,2018,https://boxd.it/fxIa
2019-03-11,Captain Marvel,2019,https://boxd.it/9vSA
2019-03-12,Dragon Ball Z: Resurrection 'F',2015,https://boxd.it/9GCI
2019-04-19,Us,2019,https://boxd.it/gnV6
2019-04-29,Avengers: Endgame,2019,https://boxd.it/9vE4
2019-05-31,John Wick: Chapter 3 - Parabellum,2019,https://boxd.it/gmFw
2019-06-02,Always Be My Maybe,2019,https://boxd.it/iB2y
2019-06-08,Parasite,2019,https://boxd.it/hTha
2019-07-02,Tolkien,2019,https://boxd.it/gM4G
2019-07-07,Spider-Man: Far from Home,2019,https://boxd.it/fegG
2019-07-11,Made in China,2019,https://boxd.it/mfog
2019-07-14,Dark Phoenix,2019,https://boxd.it/anyO
2019-07-14,Brightburn,2019,https://boxd.it/jk58
2019-07-15,Deerskin,2019,https://boxd.it/lqOW
2019-07-16,The Lego Movie 2: The Second Part,2019,https://boxd.it/8BAU
2019-07-17,Annabelle Comes Home,2019,https://boxd.it/iU5m
2019-08-13,Yesterday,2019,https://boxd.it/iF7M
2019-08-25,Apocalypse Now,1979,https://boxd.it/6ZS
2019-09-01,Jerry Maguire,1996,https://boxd.it/1YNS
2019-09-06,Kill Bill: The Origin of O-Ren,2003,https://boxd.it/8r9a
2019-09-07,Remember the Titans,2000,https://boxd.it/1VLk
2019-09-08,"The Gangster, the Cop, the Devil",2019,https://boxd.it/lnuk
2019-09-08,Scary Stories to Tell in the Dark,2019,https://boxd.it/eJTW
2019-09-09,Once Upon a Time… in Hollywood,2019,https://boxd.it/gH0O
2019-09-27,Ad Astra,2019,https://boxd.it/ePzI
2019-10-05,It Chapter Two,2019,https://boxd.it/h10u
2019-10-13,Rambo: Last Blood,2019,https://boxd.it/iYPy
2019-10-16,Asterix & Obelix: Mission Cleopatra,2002,https://boxd.it/268o
2019-10-16,Asterix and Cleopatra,1968,https://boxd.it/1Xv4
2019-10-27,Creed II,2018,https://boxd.it/hgl8
2019-10-27,Astérix at the Olympic Games,2008,https://boxd.it/26Nw
2019-11-18,The Farewell,2019,https://boxd.it/kIky
2019-12-19,Star Wars: The Rise of Skywalker,2019,https://boxd.it/5xlK
2019-12-22,Hustlers,2019,https://boxd.it/jIBM
2019-12-22,Child's Play,2019,https://boxd.it/jpX0
2019-12-24,Marriage Story,2019,https://boxd.it/hJAw
2020-01-06,The Lighthouse,2019,https://boxd.it/icFU
2020-01-10,Fast & Furious Presents: Hobbs & Shaw,2019,https://boxd.it/dnDA
2020-01-12,First Love,2019,https://boxd.it/m0iC
2020-01-12,Knives Out,2019,https://boxd.it/jWEA
2020-01-14,The Irishman,2019,https://boxd.it/dYOq
2020-01-15,Green Book,2018,https://boxd.it/hErk
2020-01-18,1917,2019,https://boxd.it/jj4y
2020-01-19,El Camino: A Breaking Bad Movie,2019,https://boxd.it/kv0q
2020-01-19,Glass,2019,https://boxd.it/g3uO
2020-01-19,Knock Down the House,2019,https://boxd.it/kIss
2020-01-19,The Bling Ring,2013,https://boxd.it/3lPY
2020-01-19,The Florida Project,2017,https://boxd.it/dMG0
2020-01-23,Doctor Sleep,2019,https://boxd.it/i5vI
2020-01-24,Casino,1995,https://boxd.it/2ads
2020-01-24,Raging Bull,1980,https://boxd.it/28yI
2020-01-24,Bad,1987,https://boxd.it/bp7W
2020-01-24,Home Alone,1990,https://boxd.it/29Fg
2020-01-27,Bad Boys for Life,2020,https://boxd.it/15pc
2020-03-07,Pete Davidson: Alive from New York,2020,https://boxd.it/p6ti
2020-03-13,Ocean's Thirteen,2007,https://boxd.it/2aEy
2020-03-13,Ocean's Eleven,2001,https://boxd.it/2aZm
2020-03-16,Contagion,2011,https://boxd.it/13rq
2020-03-27,Jojo Rabbit,2019,https://boxd.it/iEBG
2020-03-28,Birds of Prey (and the Fantabulous Emancipation of One Harley Quinn),2020,https://boxd.it/hSyO
2020-03-29,Ford v Ferrari,2019,https://boxd.it/ce74
2020-04-05,Uncorked,2020,https://boxd.it/oznm
2020-04-06,The Great Gatsby,2013,https://boxd.it/JY
2020-04-08,Savage X Fenty Show,2019,https://boxd.it/nqmi
2020-04-10,Julie & Julia,2009,https://boxd.it/1wXg
2020-04-12,Chef,2014,https://boxd.it/6lCG
2020-04-16,The Vietnam War,2017,https://boxd.it/h75q
2020-04-20,The Party,1968,https://boxd.it/1VnC
2020-04-26,Two Lovers,2008,https://boxd.it/1Ws4
2020-04-27,Memory: The Origins of Alien,2019,https://boxd.it/kJ18
2020-05-02,Breathless,1960,https://boxd.it/2aIK
2020-05-03,Love,2015,https://boxd.it/9brE
2020-05-05,Only Lovers Left Alive,2013,https://boxd.it/4O1U
2020-05-06,Jerry Seinfeld: 23 Hours to Kill,2020,https://boxd.it/q0OG
2020-05-08,Becoming,2020,https://boxd.it/q8t2
2020-05-09,Before Sunrise,1995,https://boxd.it/2bcU
2020-05-11,Bloodshot,2020,https://boxd.it/bfG8
2020-05-16,Jimmy O. Yang: Good Deal,2020,https://boxd.it/q8NG
2020-05-16,Munich,2005,https://boxd.it/2a0e
2020-05-16,Enemy of the State,1998,https://boxd.it/1XME
2020-05-31,Fary: Hexagone,2020,https://boxd.it/FJYm
2020-05-31,Beastie Boys Story,2020,https://boxd.it/oIW6
2020-06-04,13th,2016,https://boxd.it/elNg
2020-06-07,Joker,2019,https://boxd.it/h4cS
2020-06-07,If Beale Street Could Talk,2018,https://boxd.it/gGhu
2020-06-09,To Kill a Mockingbird,1962,https://boxd.it/2a2E
2020-06-11,Do the Right Thing,1989,https://boxd.it/29gA
2020-06-21,I Am Not Your Negro,2016,https://boxd.it/etXy
2020-07-05,Hamilton,2020,https://boxd.it/kmvE
2020-07-16,Ghost in the Shell,1995,https://boxd.it/1YYc
2020-07-16,The Raid 2,2014,https://boxd.it/5uz0
2020-07-17,The Old Guard,2020,https://boxd.it/jY2e
2020-07-17,Gladiator,2000,https://boxd.it/2b9m
2020-07-19,The True Cost,2015,https://boxd.it/bgtO
2020-07-25,Beasts Clawing at Straws,2020,https://boxd.it/kZ9i
2020-07-25,The King of Staten Island,2020,https://boxd.it/litG
2020-07-26,Shaolin Soccer,2001,https://boxd.it/1T86
2020-07-26,In the Mood for Love,2000,https://boxd.it/29tE
2020-08-08,Palm Springs,2020,https://boxd.it/lCXQ
2020-08-19,The Terminal,2004,https://boxd.it/2a2O
2020-08-23,Simply Black,2020,https://boxd.it/pmzc
2020-08-26,Tenet,2020,https://boxd.it/leq4
2020-08-26,Kung Fu Hustle,2004,https://boxd.it/1YBi
2020-08-27,Anelka: Misunderstood,2020,https://boxd.it/rfhk
2020-09-06,The New Mutants,2020,https://boxd.it/bjle
2020-09-07,Mulan,2020,https://boxd.it/bbK6
2020-09-09,Les Joueuses #Paslàpourdanser,2020,https://boxd.it/qGuS
2020-09-26,Footloose,1984,https://boxd.it/288A
2020-09-28,The Social Dilemma,2020,https://boxd.it/opQI
2020-09-28,Antebellum,2020,https://boxd.it/neiI
2020-09-28,"Prince: Live At Paisley Park - December 31, 1987",1987,https://boxd.it/rNvg
2020-09-29,Purple Rain,1984,https://boxd.it/1Pta
2020-10-02,The Babysitter,2017,https://boxd.it/eP1w
2020-10-02,Crash,1996,https://boxd.it/29n2
2020-10-03,Be Water,2020,https://boxd.it/oiP4
2020-10-03,Game of Death,1978,https://boxd.it/1Qpe
2020-10-03,Enter the Dragon,1973,https://boxd.it/1YCA
2020-10-03,Village of the Damned,1995,https://boxd.it/1Suq
2020-10-04,Resident Evil: Degeneration,2008,https://boxd.it/1PIE
2020-10-04,Resident Evil: Damnation,2012,https://boxd.it/4jHg
2020-10-07,Bram Stoker's Dracula,1992,https://boxd.it/223a
2020-10-09,Beetlejuice,1988,https://boxd.it/24QI
2020-10-09,Raising Arizona,1987,https://boxd.it/2avQ
2020-10-12,Midsommar,2019,https://boxd.it/jhxe
2020-10-13,Air Force One,1997,https://boxd.it/1XQw
2020-10-13,Beverly Hills Cop II,1987,https://boxd.it/2b9G
2020-10-13,Robin Hood: Prince of Thieves,1991,https://boxd.it/20hu
2020-10-13,In the Mouth of Madness,1994,https://boxd.it/26vi
2020-10-17,The Dead Don't Die,2019,https://boxd.it/juZg
2020-10-24,Borat Subsequent Moviefilm,2020,https://boxd.it/rNS0
2020-11-07,Sarah Cooper: Everything's Fine,2020,https://boxd.it/rt66
2020-11-23,Monsoon,2019,https://boxd.it/mlLq
2020-11-28,Diego Maradona,2019,https://boxd.it/jyoS
2020-12-24,Coco,2017,https://boxd.it/bYJQ
2020-12-27,Wonder Woman 1984,2020,https://boxd.it/gBtA
2020-12-28,Soul,2020,https://boxd.it/ioLA
2020-12-31,My Neighbor Totoro,1988,https://boxd.it/20eA
2020-12-31,The Queen's Gambit,2020,https://boxd.it/s1Ym
2021-01-03,Death to 2020,2020,https://boxd.it/t4EQ
2021-01-12,Tony Parker: The Final Shot,2021,https://boxd.it/trls
2021-01-28,The Comey Rule,2020,https://boxd.it/qXTq
2021-02-12,Girls Trip,2017,https://boxd.it/eL4G
2021-02-25,The Man with the Iron Fists,2012,https://boxd.it/3mMm
2021-03-07,WandaVision,2021,https://boxd.it/sbGW
2021-03-07,Minari,2020,https://boxd.it/mL9M
2021-03-12,Biggie: I Got a Story to Tell,2021,https://boxd.it/tZR8
2021-03-30,Zack Snyder's Justice League,2021,https://boxd.it/tLOk
2021-03-30,42,2013,https://boxd.it/3GBo
2021-04-06,On the Rocks,2020,https://boxd.it/l8aY
2021-04-13,Framing Britney Spears,2021,https://boxd.it/uaGq
2021-04-15,Little Fires Everywhere,2020,https://boxd.it/pywE
2021-04-16,Godzilla: King of the Monsters,2019,https://boxd.it/cY7Y
2021-04-16,Godzilla vs. Kong,2021,https://boxd.it/e0qK
2021-04-17,Boogie,2021,https://boxd.it/nnQ0
2021-04-19,Operation Varsity Blues: The College Admissions Scandal,2021,https://boxd.it/u5UW
2021-04-22,Boys State,2020,https://boxd.it/oiNW
2021-04-24,The Falcon and the Winter Soldier,2021,https://boxd.it/sbH6
2021-04-24,Mortal Kombat,2021,https://boxd.it/gswA
2021-04-27,Nomadland,2020,https://boxd.it/lnRy
2021-05-01,Austin Powers: International Man of Mystery,1997,https://boxd.it/29y0
2021-05-02,An American in Paris,1951,https://boxd.it/26kY
2021-05-04,#Iamhere,2019,https://boxd.it/mlZW
2021-05-08,Nobody,2021,https://boxd.it/mLqS
2021-05-09,Mortal Kombat,1995,https://boxd.it/1YZY
2021-05-11,The Handmaiden,2016,https://boxd.it/948A
2021-05-12,Sound of Metal,2019,https://boxd.it/i7Q4
2021-05-12,Burrow,2020,https://boxd.it/s2KU
2021-05-12,The Last Dance,2020,https://boxd.it/pVfc
2021-05-12,8:46,2020,https://boxd.it/qL5e
2021-05-12,Baseball,1994,https://boxd.it/49uc
2021-05-12,Uncut Gems,2019,https://boxd.it/gXGc
2021-05-12,Bao,2018,https://boxd.it/iEl4
2021-05-12,The Way I See It,2020,https://boxd.it/rmNi
2021-05-12,Lion,2016,https://boxd.it/b2La
2021-05-19,Fahrenheit 451,2018,https://boxd.it/e7Dm
2021-05-23,Eyes Wide Shut,1999,https://boxd.it/2axs
2021-05-31,Friends: The Reunion,2021,https://boxd.it/pOQq
2021-06-04,Cruella,2021,https://boxd.it/bbKg
2021-06-06,Raya and the Last Dragon,2021,https://boxd.it/jbkI
2021-06-13,The Conjuring: The Devil Made Me Do It,2021,https://boxd.it/eXZY
2021-06-19,In the Heights,2021,https://boxd.it/gLhu
2021-06-23,Another Round,2020,https://boxd.it/lkba
2021-07-04,Baseball Girl,2019,https://boxd.it/nAMU
2021-07-07,Annette,2021,https://boxd.it/f0RS
2021-07-08,Dr. Horrible's Sing-Along Blog,2008,https://boxd.it/2wqy
2021-07-08,Total Recall,1990,https://boxd.it/29qK
2021-07-08,Starship Troopers,1997,https://boxd.it/2a7k
2021-07-08,Basic Instinct,1992,https://boxd.it/2asM
2021-07-11,A Quiet Place Part II,2020,https://boxd.it/iTx0
2021-07-18,Loki,2021,https://boxd.it/sbHg
2021-07-19,Black Widow,2021,https://boxd.it/hWV8
2021-07-25,Kiss of the Dragon,2001,https://boxd.it/27lS
2021-07-25,Luca,2021,https://boxd.it/ipjC
2021-07-30,Happy Death Day,2017,https://boxd.it/fDz4
2021-08-03,Benedetta,2021,https://boxd.it/gdNQ
2021-08-06,Titane,2021,https://boxd.it/nlQC
2021-08-09,The Suicide Squad,2021,https://boxd.it/fw6O
2021-08-10,Marie Antoinette,2006,https://boxd.it/27Wa
2021-08-12,Space Jam: A New Legacy,2021,https://boxd.it/dd9A
2021-08-13,The Usual Suspects,1995,https://boxd.it/29XE
2021-08-14,Sympathy for Mr. Vengeance,2002,https://boxd.it/23WU
2021-08-15,Peninsula,2020,https://boxd.it/lnrU
2021-08-19,We Own the Night,2007,https://boxd.it/27F4
2021-08-21,Skate Kitchen,2018,https://boxd.it/hI3Q
2021-08-26,The Host,2006,https://boxd.it/28ZY
2021-08-29,Dune,1984,https://boxd.it/29tY
2021-09-04,Shang-Chi and the Legend of the Ten Rings,2021,https://boxd.it/kLDI
2021-09-06,Roadrunner: A Film About Anthony Bourdain,2021,https://boxd.it/nRb2
2021-09-08,Raw,2016,https://boxd.it/dLd2
2021-09-11,Sucker Punch,2011,https://boxd.it/1yYg
2021-09-14,OSS 117: From Africa with Love,2021,https://boxd.it/mjce
2021-09-14,Malignant,2021,https://boxd.it/mViE
2021-09-15,Dune,2021,https://boxd.it/fA7G
2021-09-18,Gunpowder Milkshake,2021,https://boxd.it/l5fQ
2021-09-19,Drive,2019,https://boxd.it/nBl6
2021-09-19,Pirates,2005,https://boxd.it/2wrc
2021-09-19,Body Heat,2010,https://boxd.it/2k3C
2021-09-19,Pirates II: Stagnetti's Revenge,2008,https://boxd.it/1Okm
2021-09-19,Code of Honor,2013,https://boxd.it/5GYw
2021-09-19,Piranha 3D,2010,https://boxd.it/U5q
2021-09-19,Top Guns,2011,https://boxd.it/2iU0
2021-09-19,Barbarella XXX: An Axel Braun Parody,2015,https://boxd.it/aWqA
2021-09-19,Suicide Squad XXX: An Axel Braun Parody,2016,https://boxd.it/epZg
2021-09-19,Star Wars XXX: A Porn Parody,2012,https://boxd.it/3lBM
2021-09-19,Zombie Strippers!,2008,https://boxd.it/1R1W
2021-09-19,Rocco,2016,https://boxd.it/eGGK
2021-09-19,Snake Eyes: G.I. Joe Origins,2021,https://boxd.it/kRf8
2021-09-19,Being James Bond,2021,https://boxd.it/wMWA
2021-09-19,Field of Dreams,1989,https://boxd.it/26VK
2021-09-21,The Forever Purge,2021,https://boxd.it/mdzc
2021-09-22,Those Who Wish Me Dead,2021,https://boxd.it/lgeu
2021-09-22,An American Pickle,2020,https://boxd.it/niWi
2021-09-22,La Belle Époque,2019,https://boxd.it/lXCE
2021-10-06,Never Sleep Again: The Elm Street Legacy,2010,https://boxd.it/17AG
2021-10-09,"Don't Worry, I'm Fine",2006,https://boxd.it/2908
2021-10-09,"Paris, Je T'Aime",2006,https://boxd.it/273a
2021-10-09,"New York, I Love You",2008,https://boxd.it/1RG6
2021-10-09,Candyman,2021,https://boxd.it/kHFg
2021-10-10,Titanic,1997,https://boxd.it/2a2k
2021-10-12,No Time to Die,2021,https://boxd.it/cPX2
2021-10-16,Scream 4,2011,https://boxd.it/Zmc
2021-10-22,Hellbound: Hellraiser II,1988,https://boxd.it/1ZfW
2021-10-23,Halloween Kills,2021,https://boxd.it/mxzG
2021-10-24,Otra forma de entender la vida,2021,https://boxd.it/wUZs
2021-10-27,The French Dispatch,2021,https://boxd.it/jLP8
2021-10-29,"Paris, 13th District",2021,https://boxd.it/s0Ky
2021-11-02,Untold: Malice at the Palace,2021,https://boxd.it/wnUa
2021-11-11,Love Hard,2021,https://boxd.it/rxXS
2021-11-11,Antoine Griezmann: The Making of a Legend,2019,https://boxd.it/lGue
2021-11-13,Last Night in Soho,2021,https://boxd.it/lbJC
2021-11-13,Pleasure,2021,https://boxd.it/lPcy
2021-11-23,True Grit,2010,https://boxd.it/Sog
2021-11-26,"tick, tick...BOOM!",2021,https://boxd.it/jz2e
2021-11-27,A Man Named Scott,2021,https://boxd.it/xBYM
2021-11-28,Prince: Sign O' the Times,1987,https://boxd.it/16AA
2021-11-30,Eternals,2021,https://boxd.it/j36o
2021-12-04,The Beatles: Get Back,2021,https://boxd.it/xo7A
2021-12-06,"McCartney 3, 2, 1",2021,https://boxd.it/w7Q2
2021-12-06,Venom: Let There Be Carnage,2021,https://boxd.it/llco
2021-12-11,The Velvet Underground,2021,https://boxd.it/jPXA
2021-12-16,Spider-Man: No Way Home,2021,https://boxd.it/nwRw
2021-12-22,Big Little Lies,2017,https://boxd.it/fYde
2021-12-23,The Animatrix,2003,https://boxd.it/qH0
2021-12-24,Sense8: Happy F*cking New Year,2016,https://boxd.it/rP4w
2021-12-24,Sense8: Amor Vincit Omnia,2018,https://boxd.it/rP4Q
2021-12-24,The Matrix Resurrections,2021,https://boxd.it/n87k
2022-01-03,Crooks in Clover,1963,https://boxd.it/1w7E
2022-01-09,Red Rocket,2021,https://boxd.it/sGpi
2022-01-09,Harry Potter 20th Anniversary: Return to Hogwarts,2022,https://boxd.it/xXJk
2022-01-10,Blue Bayou,2021,https://boxd.it/nUwi
2022-01-23,Don't Look Up,2021,https://boxd.it/o0Hc
2022-01-25,Spencer,2021,https://boxd.it/qPMG
2022-01-27,The Hand of God,2021,https://boxd.it/r5uI
2022-01-28,Bruce Springsteen's Letter to You,2020,https://boxd.it/s7Ei
2022-01-31,Scream,2022,https://boxd.it/o0lg
2022-01-31,Nightmare Alley,2021,https://boxd.it/m0HC
2022-01-31,By the Sea,2015,https://boxd.it/a86q
2022-02-01,Neymar: The Perfect Chaos,2022,https://boxd.it/z5fk
2022-02-01,Aziz Ansari: Nightclub Comedian,2022,https://boxd.it/yTMm
2022-02-06,"Take the Ball, Pass the Ball",2018,https://boxd.it/kjds
2022-02-07,The Shrink Next Door,2021,https://boxd.it/xVtO
2022-02-10,The Tragedy of Macbeth,2021,https://boxd.it/lMi4
2022-02-11,The Tinder Swindler,2022,https://boxd.it/yMLw
2022-02-14,Brooklyn,2015,https://boxd.it/5bdk
2022-02-15,Ali Wong: Don Wong,2022,https://boxd.it/zbWY
2022-02-16,Frankenstein,1931,https://boxd.it/25Te
2022-02-17,Lady Bird,2017,https://boxd.it/dGNE
2022-02-18,Billie Eilish: The World's a Little Blurry,2021,https://boxd.it/olni
2022-02-21,Licorice Pizza,2021,https://boxd.it/qTKY
2022-02-22,Val,2021,https://boxd.it/vs5a
2022-02-23,The Stronghold,2021,https://boxd.it/nDHe
2022-02-27,The Sparks Brothers,2021,https://boxd.it/tboq
2022-03-03,The Batman,2022,https://boxd.it/eDGs
2022-03-04,Pam & Tommy,2022,https://boxd.it/yMAy
2022-03-04,jeen-yuhs: A Kanye Trilogy,2022,https://boxd.it/z7pG
2022-03-11,The Black Dahlia,2006,https://boxd.it/1Y52
2022-03-15,Turning Red,2022,https://boxd.it/ipkq
2022-03-18,Resident Evil: Welcome to Raccoon City,2021,https://boxd.it/gsvM
2022-03-21,Encanto,2021,https://boxd.it/kPRu
2022-03-28,Deep Water,2022,https://boxd.it/mVHk
2022-03-29,CODA,2021,https://boxd.it/tbf4
2022-04-07,Back to the Future Part III,1990,https://boxd.it/2aTS
2022-04-07,Rush Hour 3,2007,https://boxd.it/23gk
2022-04-07,Spider-Man 2,2004,https://boxd.it/2a88
2022-04-07,The Wolverine,2013,https://boxd.it/2CWU
2022-04-07,Jurassic Park III,2001,https://boxd.it/2azI
2022-04-07,Indiana Jones and the Kingdom of the Crystal Skull,2008,https://boxd.it/2aR8
2022-04-07,The Godfather: Part III,1990,https://boxd.it/2aN6
2022-04-07,Red Dragon,2002,https://boxd.it/1Yrs
2022-04-07,Die Hard 2,1990,https://boxd.it/28zw
2022-04-07,Despicable Me 3,2017,https://boxd.it/azpu
2022-04-07,The Bourne Ultimatum,2007,https://boxd.it/26Eu
2022-04-13,Wheel of Fortune and Fantasy,2021,https://boxd.it/tWcm
2022-04-15,Girls Can't Surf,2020,https://boxd.it/s1mC
2022-04-26,Tony Hawk: Until the Wheels Fall Off,2022,https://boxd.it/xg52
2022-04-29,The Last Black Man in San Francisco,2019,https://boxd.it/iWAw
2022-04-30,X,2022,https://boxd.it/sxVa
2022-04-30,C'mon C'mon,2021,https://boxd.it/nrI0
2022-05-01,Belfast,2021,https://boxd.it/tefG
2022-05-01,The Green Knight,2021,https://boxd.it/kuy2
2022-05-04,Infernal Affairs,2002,https://boxd.it/1Vqw
2022-05-05,Moon Knight,2022,https://boxd.it/zeDq
2022-05-06,THX 1138,1971,https://boxd.it/29Ww
2022-05-07,Doctor Strange in the Multiverse of Madness,2022,https://boxd.it/gaTc
2022-05-12,The Northman,2022,https://boxd.it/nK2s
2022-05-14,The Witch,2015,https://boxd.it/9X0m
2022-05-16,For Love of the Game,1999,https://boxd.it/1WnS
2022-05-28,House of Gucci,2021,https://boxd.it/nVkC
2022-05-31,Supersonic,2016,https://boxd.it/eyzG
2022-06-08,Most Wanted,1997,https://boxd.it/1e2m
2022-06-09,GoodFellas,1990,https://boxd.it/29FA
2022-06-09,Scarface,1983,https://boxd.it/2b7g
2022-06-12,Ronny Chieng: Speakeasy,2022,https://boxd.it/A3fY
2022-06-18,Everything Everywhere All at Once,2022,https://boxd.it/jUk4
2022-06-19,Amy,2015,https://boxd.it/aSNU
2022-06-20,Oblivion,2013,https://boxd.it/2Bzq
2022-06-20,Top Gun,1986,https://boxd.it/29JC
2022-06-20,Top Gun: Maverick,2022,https://boxd.it/cjr4
2022-06-21,Morbius,2022,https://boxd.it/j978
2022-06-21,Sliding Doors,1998,https://boxd.it/1WNG
2022-06-21,The Butterfly Effect 2,2006,https://boxd.it/1NIM
2022-06-21,The Butterfly Effect 3: Revelations,2009,https://boxd.it/1KtY
2022-06-21,The Butterfly Effect,2004,https://boxd.it/27M0
2022-06-22,Watchmen,2019,https://boxd.it/ol5e
2022-06-22,Band of Brothers,2001,https://boxd.it/aRNY
2022-06-22,Marvel's The Defenders,2017,https://boxd.it/oszg
2022-06-22,Hawkeye,2021,https://boxd.it/xQqK
2022-06-22,BoJack Horseman Christmas Special,2014,https://boxd.it/lm6c
2022-06-22,Who Is America?,2018,https://boxd.it/jUOy
2022-06-22,Black Mirror: The National Anthem,2011,https://boxd.it/hQYK
2022-06-22,The Paley Center Salutes Parks and Recreation,2020,https://boxd.it/rKli
2022-06-22,Game of Thrones: The Story So Far,2017,https://boxd.it/rIxc
2022-06-22,The Paley Center Salutes The Good Place,2019,https://boxd.it/uon8
2022-06-22,Hasan Minhaj: Homecoming King,2017,https://boxd.it/gn6M
2022-06-22,The Corner,2000,https://boxd.it/qqS0
2022-06-22,Long Way Round,2004,https://boxd.it/67o6
2022-06-22,Boardwalk Empire: Building the Boardwalk,2010,https://boxd.it/s3g2
2022-06-22,Battlestar Galactica,2003,https://boxd.it/aBAu
2022-06-22,The Andy Warhol Diaries,2022,https://boxd.it/zGrC
2022-06-22,Ten Years Later: The Extended Pied Piper Documentary,2019,https://boxd.it/uHjE
2022-06-22,The Defiant Ones,2017,https://boxd.it/fRJs
2022-06-22,Ted Lasso: The Missing Christmas Mustache,2021,https://boxd.it/ywhK
2022-06-22,The Plot Against America,2020,https://boxd.it/ppHS
2022-06-22,Afro Samurai,2007,https://boxd.it/a6W
2022-06-22,"Whose Vote Counts, Explained",2020,https://boxd.it/sgq0
2022-06-25,Drive My Car,2021,https://boxd.it/sv94
2022-07-04,Men in Black 3,2012,https://boxd.it/103U
2022-07-04,Men in Black: International,2019,https://boxd.it/hdJw
2022-07-04,I Am Legend,2007,https://boxd.it/21DG
2022-07-04,Love Actually,2003,https://boxd.it/2aeU
2022-07-04,Harry Potter and the Prisoner of Azkaban,2004,https://boxd.it/29Qy
2022-07-04,Harry Potter and the Deathly Hallows: Part 2,2011,https://boxd.it/1RYk
2022-07-04,Harry Potter and the Philosopher's Stone,2001,https://boxd.it/29QS
2022-07-04,Harry Potter and the Goblet of Fire,2005,https://boxd.it/29Qo
2022-07-04,Harry Potter and the Chamber of Secrets,2002,https://boxd.it/29QI
2022-07-04,Harry Potter and the Order of the Phoenix,2007,https://boxd.it/29Qe
2022-07-04,Harry Potter and the Deathly Hallows: Part 1,2010,https://boxd.it/1RYu
2022-07-04,Harry Potter and the Half-Blood Prince,2009,https://boxd.it/29FU
2022-07-07,Elvis,2022,https://boxd.it/mK4w
2022-07-15,The Black Phone,2021,https://boxd.it/sqFE
2022-07-15,Men,2022,https://boxd.it/tlc0
2022-07-19,After Yang,2021,https://boxd.it/lx5a
2022-07-31,"New York, New York",1977,https://boxd.it/1Rw6
2022-08-03,Bullet Train,2022,https://boxd.it/qW26
2022-08-14,The Bob's Burgers Movie,2022,https://boxd.it/if7w
2022-09-17,Uncharted,2022,https://boxd.it/b5Dy
2022-09-19,Eloïse's Journey,2022,https://boxd.it/A7Zw
2022-09-27,Sidney,2022,https://boxd.it/Ajl4
2022-10-05,Marcel the Shell with Shoes On,2021,https://boxd.it/wMAk
2022-10-07,The Wolf Man,1941,https://boxd.it/1PG4
2022-10-07,Cha Cha Real Smooth,2022,https://boxd.it/uF8E
2022-10-15,Bodies Bodies Bodies,2022,https://boxd.it/iRcE
2022-10-15,Smile,2022,https://boxd.it/xjfE
2022-10-28,Prey,2022,https://boxd.it/sNBU
2022-10-29,Louis Armstrong's Black & Blues,2022,https://boxd.it/CmcS
2022-10-29,Dracula,1931,https://boxd.it/2b34
2022-10-30,"It's the Great Pumpkin, Charlie Brown",1966,https://boxd.it/1Qmu
2022-10-30,Michael Jackson's Thriller,1983,https://boxd.it/3e76
2022-10-30,The Village,2004,https://boxd.it/21iS
2022-10-30,Coraline,2009,https://boxd.it/1NhQ
2022-10-30,Casper,1995,https://boxd.it/1ZMw
2022-10-30,Halloween Ends,2022,https://boxd.it/mO8M
2022-10-30,"Good Morning, Vietnam",1987,https://boxd.it/29Aq
2022-10-30,Jumanji,1995,https://boxd.it/1ZLI
2022-10-31,Hellraiser,2022,https://boxd.it/bg7S
2022-11-10,Nope,2022,https://boxd.it/sDCe
2022-11-30,Boyz n the Hood,1991,https://boxd.it/29Ug
2022-12-06,FIFA Uncovered,2022,https://boxd.it/DBxy
2022-12-06,The Guardians of the Galaxy Holiday Special,2022,https://boxd.it/t77K
2022-12-15,Black Panther: Wakanda Forever,2022,https://boxd.it/igPu
2022-12-22,Atsuko Okatsuka: The Intruder,2022,https://boxd.it/DPtq
2022-12-26,Spirited,2022,https://boxd.it/nshk
2022-12-27,Glass Onion,2022,https://boxd.it/oCkK
2022-12-30,Blonde,2022,https://boxd.it/9AG0
2022-12-31,Ticket to Paradise,2022,https://boxd.it/u8Cc
2023-01-01,Elf,2003,https://boxd.it/1VyK
2023-01-05,Hasan Minhaj: The King's Jester,2022,https://boxd.it/CIJk
2023-01-05,Chelsea Handler: Revolution,2022,https://boxd.it/DURW
2023-01-09,Avatar: The Way of Water,2022,https://boxd.it/2E2E
2023-01-10,The Howard Stern Interview: Bruce Springsteen,2022,https://boxd.it/DIri
2023-01-11,The Menu,2022,https://boxd.it/lScm
2023-01-13,Gabriel Iglesias: Stadium Fluffy,2022,https://boxd.it/Cf6o
2023-01-14,Do Revenge,2022,https://boxd.it/sFiA
2023-01-15,Pretend It's a City,2021,https://boxd.it/tlWs
2023-01-15,Ms. Marvel,2022,https://boxd.it/ANCY
2023-01-16,Babylon,2022,https://boxd.it/mM02
2023-01-18,Triangle of Sadness,2022,https://boxd.it/hXlq
2023-01-31,Moonage Daydream,2022,https://boxd.it/A8Co
2023-02-10,M3GAN,2022,https://boxd.it/jxmG
2023-02-10,RRR,2022,https://boxd.it/ljDs
2023-02-11,Black Adam,2022,https://boxd.it/fup0
2023-02-16,Ant-Man and the Wasp: Quantumania,2023,https://boxd.it/nL2y
2023-02-21,Return to Seoul,2022,https://boxd.it/zXDg
2023-02-26,The Night of the 12th,2022,https://boxd.it/yQoG
2023-03-03,Creed III,2023,https://boxd.it/pf68
2023-03-08,The Sound of 007,2022,https://boxd.it/CTWk
2023-03-08,Scream VI,2023,https://boxd.it/zdfW
2023-03-09,The Banshees of Inisherin,2022,https://boxd.it/p7XS
2023-03-10,Showgirls,1995,https://boxd.it/1Vmk
2023-03-11,Crimes of the Future,2022,https://boxd.it/uTuY
2023-03-11,Mulholland Drive,2001,https://boxd.it/297o
2023-03-13,The Fabelmans,2022,https://boxd.it/ugoM
2023-03-13,Jerrod Carmichael: Rothaniel,2022,https://boxd.it/zW6A
2023-03-21,The Whale,2022,https://boxd.it/tw4c
2023-03-21,Shazam!,2019,https://boxd.it/8WBu
2023-03-22,Empire of Light,2022,https://boxd.it/uGpm
2023-03-23,John Wick: Chapter 4,2023,https://boxd.it/mh48
2023-03-24,Pearl,2022,https://boxd.it/zPbe
2023-03-26,Barbarian,2022,https://boxd.it/yohi
2023-03-27,Bull Durham,1988,https://boxd.it/2wS8
2023-03-27,Little Nicholas: Happy As Can Be,2022,https://boxd.it/xKmW
2023-03-28,Money Shot: The Pornhub Story,2023,https://boxd.it/F7uo
2023-03-28,Trevor Noah: I Wish You Would,2022,https://boxd.it/Dn3Y
2023-03-30,Selena Gomez: My Mind & Me,2022,https://boxd.it/CDxS
2023-03-31,Shazam! Fury of the Gods,2023,https://boxd.it/lV0S
2023-04-02,The Sandlot,1993,https://boxd.it/1TDy
2023-04-04,Chris Rock: Selective Outrage,2023,https://boxd.it/EkOY
2023-04-04,Hulk,2003,https://boxd.it/27PS
2023-04-04,Brokeback Mountain,2005,https://boxd.it/2b2q
2023-04-04,Face/Off,1997,https://boxd.it/29I0
2023-04-04,Ong Bak: Muay Thai Warrior,2003,https://boxd.it/1YZk
2023-04-04,The Protector,2005,https://boxd.it/1ZrS
2023-04-13,Dungeons & Dragons: Honor Among Thieves,2023,https://boxd.it/hN1A
2023-04-14,Tetris,2023,https://boxd.it/rePK
2023-04-14,Kingsman: The Golden Circle,2017,https://boxd.it/buJm
2023-04-24,Minority Report,2002,https://boxd.it/2aWi
2023-04-25,Evil Dead Rise,2023,https://boxd.it/qIvo
2023-04-27,BEEF,2023,https://boxd.it/FPsm
2023-04-28,Beau Is Afraid,2023,https://boxd.it/u2gE
2023-04-28,La Vie en Rose,2007,https://boxd.it/28OQ
2023-04-28,John Mulaney: Baby J,2023,https://boxd.it/FlAA
2023-04-28,Fred Armisen: Standup for Drummers,2018,https://boxd.it/i9Cy
2023-04-30,Twilight,2008,https://boxd.it/1Zui
2023-04-30,The Twilight Saga: New Moon,2009,https://boxd.it/1Hj2
2023-04-30,The Twilight Saga: Eclipse,2010,https://boxd.it/1ytW
2023-04-30,The Last Duel,2021,https://boxd.it/mQbe
2023-05-01,White Men Can't Jump,1992,https://boxd.it/1WWy
2023-05-04,Guardians of the Galaxy Vol. 3,2023,https://boxd.it/fVNI
2023-05-23,F9,2021,https://boxd.it/dqsU
2023-05-26,Air,2023,https://boxd.it/Arlc
2023-05-28,The Super Mario Bros. Movie,2023,https://boxd.it/i8C8
2023-05-28,Crazy Rich Asians,2018,https://boxd.it/gfnK
2023-05-28,Jimmy O. Yang: Guess How Much?,2023,https://boxd.it/GkLO
2023-05-31,Fast X,2023,https://boxd.it/drIu
2023-06-02,White Men Can't Jump,2023,https://boxd.it/yEMG
2023-06-03,Spider-Man: Across the Spider-Verse,2023,https://boxd.it/kSz4
2023-06-17,The Flash,2023,https://boxd.it/9twC
2023-06-18,Driving Madeleine,2022,https://boxd.it/xKlE
